mesto,cas,temperatura,vlaga,veter
"Nova-Gorica","2026-10-06T00:00",13.0,42,7.7
"Nova-Gorica","2026-10-06T01:00",13.3,44,6.6
"Nova-Gorica","2026-10-06T02:00",14.2,58,5.5
"Nova-Gorica","2026-10-06T03:00",14.6,61,5.4
"Nova-Gorica","2026-10-06T04:00",14.6,59,5.5
"Nova-Gorica","2026-10-06T05:00",15.5,42,3.6
"Nova-Gorica","2026-10-06T06:00",14.7,42,5.7
"Nova-Gorica","2026-10-06T07:00",14.4,39,5.5
"Nova-Gorica","2026-10-06T08:00",14.7,41,5.2
"Nova-Gorica","2026-10-06T09:00",15.8,50,4.6
"Nova-Gorica","2026-10-06T10:00",17.6,69,1.8
"Nova-Gorica","2026-10-06T11:00",20.0,36,1.0
"Nova-Gorica","2026-10-06T12:00",21.2,37,2.3
"Nova-Gorica","2026-10-06T13:00",22.0,35,2.1
"Nova-Gorica","2026-10-06T14:00",22.8,37,2.2
"Nova-Gorica","2026-10-06T15:00",23.2,38,1.8
"Nova-Gorica","2026-10-06T16:00",23.1,41,5.1
"Nova-Gorica","2026-10-06T17:00",22.4,45,5.2
"Nova-Gorica","2026-10-06T18:00",21.6,51,2.9
"Nova-Gorica","2026-10-06T19:00",20.0,61,1.5
"Nova-Gorica","2026-10-06T20:00",17.1,67,7.1
"Nova-Gorica","2026-10-06T21:00",16.0,73,6.6
"Nova-Gorica","2026-10-06T22:00",16.1,72,5.9
"Nova-Gorica","2026-10-06T23:00",16.3,72,4.6
"Nova-Gorica","2026-10-07T00:00",16.8,74,5.2
"Nova-Gorica","2026-10-07T01:00",17.2,74,3.1
"Nova-Gorica","2026-10-07T02:00",17.2,74,3.8
"Nova-Gorica","2026-10-07T03:00",17.2,74,3.9
"Nova-Gorica","2026-10-07T04:00",17.2,75,3.0
"Nova-Gorica","2026-10-07T05:00",17.1,76,4.4
"Nova-Gorica","2026-10-07T06:00",17.4,76,2.6
"Nova-Gorica","2026-10-07T07:00",17.3,77,3.6
"Nova-Gorica","2026-10-07T08:00",17.3,79,3.5
"Nova-Gorica","2026-10-07T09:00",18.1,77,3.3
"Nova-Gorica","2026-10-07T10:00",18.9,67,4.8
"Nova-Gorica","2026-10-07T11:00",19.7,62,3.9
"Nova-Gorica","2026-10-07T12:00",21.0,53,4.5
"Nova-Gorica","2026-10-07T13:00",21.1,55,6.4
"Nova-Gorica","2026-10-07T14:00",21.1,55,7.6
"Nova-Gorica","2026-10-07T15:00",20.9,59,7.7
"Nova-Gorica","2026-10-07T16:00",20.7,69,7.3
"Nova-Gorica","2026-10-07T17:00",20.4,75,7.7
"Nova-Gorica","2026-10-07T18:00",20.0,78,7.0
"Nova-Gorica","2026-10-07T19:00",19.5,80,5.4
"Nova-Gorica","2026-10-07T20:00",19.3,82,6.5
"Nova-Gorica","2026-10-07T21:00",19.2,82,6.1
"Nova-Gorica","2026-10-07T22:00",18.9,84,5.6
"Nova-Gorica","2026-10-07T23:00",18.6,88,3.7
"Nova-Gorica","2026-10-08T00:00",18.5,90,4.7
"Nova-Gorica","2026-10-08T01:00",18.6,86,5.4
"Nova-Gorica","2026-10-08T02:00",18.5,91,3.4
"Nova-Gorica","2026-10-08T03:00",17.9,93,7.0
"Nova-Gorica","2026-10-08T04:00",17.8,90,6.3
"Nova-Gorica","2026-10-08T05:00",17.4,92,5.8
"Nova-Gorica","2026-10-08T06:00",17.4,93,7.9
"Nova-Gorica","2026-10-08T07:00",17.8,92,6.1
"Nova-Gorica","2026-10-08T08:00",17.9,90,9.9
"Nova-Gorica","2026-10-08T09:00",18.6,89,8.4
"Nova-Gorica","2026-10-08T10:00",18.6,92,2.5
"Nova-Gorica","2026-10-08T11:00",18.5,94,2.1
"Nova-Gorica","2026-10-08T12:00",18.9,93,3.3
"Nova-Gorica","2026-10-08T13:00",19.6,91,7.8
"Nova-Gorica","2026-10-08T14:00",20.1,90,10.1
"Nova-Gorica","2026-10-08T15:00",20.0,90,8.6
"Nova-Gorica","2026-10-08T16:00",19.7,89,6.9
"Nova-Gorica","2026-10-08T17:00",19.3,90,4.3
"Nova-Gorica","2026-10-08T18:00",18.9,90,4.8
"Nova-Gorica","2026-10-08T19:00",18.3,90,7.2
"Nova-Gorica","2026-10-08T20:00",18.5,86,7.2
"Nova-Gorica","2026-10-08T21:00",18.3,87,5.4
"Nova-Gorica","2026-10-08T22:00",17.6,92,3.6
"Nova-Gorica","2026-10-08T23:00",17.5,92,3.5
