"Nova Gorica","2026-09-22T00:00",15.9
"Nova Gorica","2026-09-22T01:00",15.4
"Nova Gorica","2026-09-22T02:00",15.1
"Nova Gorica","2026-09-22T03:00",14.4
"Nova Gorica","2026-09-22T04:00",14.1
"Nova Gorica","2026-09-22T05:00",14.5
"Nova Gorica","2026-09-22T06:00",15.7
"Nova Gorica","2026-09-22T07:00",17.2
"Nova Gorica","2026-09-22T08:00",19.2
"Nova Gorica","2026-09-22T09:00",20.4
"Nova Gorica","2026-09-22T10:00",21.4
"Nova Gorica","2026-09-22T11:00",22.1
"Nova Gorica","2026-09-22T12:00",22.6
"Nova Gorica","2026-09-22T13:00",21.8
"Nova Gorica","2026-09-22T14:00",21.8
"Nova Gorica","2026-09-22T15:00",21.6
"Nova Gorica","2026-09-22T16:00",20.9
"Nova Gorica","2026-09-22T17:00",20.2
"Nova Gorica","2026-09-22T18:00",18.0
"Nova Gorica","2026-09-22T19:00",16.9
"Nova Gorica","2026-09-22T20:00",16.2
"Nova Gorica","2026-09-22T21:00",15.3
"Nova Gorica","2026-09-22T22:00",14.7
"Nova Gorica","2026-09-22T23:00",14.4
"Nova Gorica","2026-09-23T00:00",14.5
"Nova Gorica","2026-09-23T01:00",13.5
"Nova Gorica","2026-09-23T02:00",12.7
"Nova Gorica","2026-09-23T03:00",11.7
"Nova Gorica","2026-09-23T04:00",11.2
"Nova Gorica","2026-09-23T05:00",10.7
"Nova Gorica","2026-09-23T06:00",11.6
"Nova Gorica","2026-09-23T07:00",13.9
"Nova Gorica","2026-09-23T08:00",15.9
"Nova Gorica","2026-09-23T09:00",17.0
"Nova Gorica","2026-09-23T10:00",18.1
"Nova Gorica","2026-09-23T11:00",19.0
"Nova Gorica","2026-09-23T12:00",19.5
"Nova Gorica","2026-09-23T13:00",19.7
"Nova Gorica","2026-09-23T14:00",19.8
"Nova Gorica","2026-09-23T15:00",19.7
"Nova Gorica","2026-09-23T16:00",19.1
"Nova Gorica","2026-09-23T17:00",18.1
"Nova Gorica","2026-09-23T18:00",16.0
"Nova Gorica","2026-09-23T19:00",14.6
"Nova Gorica","2026-09-23T20:00",13.8
"Nova Gorica","2026-09-23T21:00",13.5
"Nova Gorica","2026-09-23T22:00",13.4
"Nova Gorica","2026-09-23T23:00",13.1
"Nova Gorica","2026-09-24T00:00",13.6
"Nova Gorica","2026-09-24T01:00",13.8
"Nova Gorica","2026-09-24T02:00",13.4
"Nova Gorica","2026-09-24T03:00",12.9
"Nova Gorica","2026-09-24T04:00",12.7
"Nova Gorica","2026-09-24T05:00",12.7
"Nova Gorica","2026-09-24T06:00",13.5
"Nova Gorica","2026-09-24T07:00",16.1
"Nova Gorica","2026-09-24T08:00",18.1
"Nova Gorica","2026-09-24T09:00",18.8
"Nova Gorica","2026-09-24T10:00",19.3
"Nova Gorica","2026-09-24T11:00",19.8
"Nova Gorica","2026-09-24T12:00",19.9
"Nova Gorica","2026-09-24T13:00",19.8
"Nova Gorica","2026-09-24T14:00",20.1
"Nova Gorica","2026-09-24T15:00",19.7
"Nova Gorica","2026-09-24T16:00",19.2
"Nova Gorica","2026-09-24T17:00",18.1
"Nova Gorica","2026-09-24T18:00",17.3
"Nova Gorica","2026-09-24T19:00",16.7
"Nova Gorica","2026-09-24T20:00",15.9
"Nova Gorica","2026-09-24T21:00",15.3
"Nova Gorica","2026-09-24T22:00",14.8
"Nova Gorica","2026-09-24T23:00",14.6
"Nova Gorica","2026-09-25T00:00",14.3
"Nova Gorica","2026-09-25T01:00",13.8
"Nova Gorica","2026-09-25T02:00",13.2
"Nova Gorica","2026-09-25T03:00",12.6
"Nova Gorica","2026-09-25T04:00",12.3
"Nova Gorica","2026-09-25T05:00",12.3
"Nova Gorica","2026-09-25T06:00",13.4
"Nova Gorica","2026-09-25T07:00",15.6
"Nova Gorica","2026-09-25T08:00",18.5
"Nova Gorica","2026-09-25T09:00",20.9
"Nova Gorica","2026-09-25T10:00",22.1
"Nova Gorica","2026-09-25T11:00",22.8
"Nova Gorica","2026-09-25T12:00",23.2
"Nova Gorica","2026-09-25T13:00",23.4
"Nova Gorica","2026-09-25T14:00",23.3
"Nova Gorica","2026-09-25T15:00",22.7
"Nova Gorica","2026-09-25T16:00",21.5
"Nova Gorica","2026-09-25T17:00",19.9
"Nova Gorica","2026-09-25T18:00",18.4
"Nova Gorica","2026-09-25T19:00",17.4
"Nova Gorica","2026-09-25T20:00",16.5
"Nova Gorica","2026-09-25T21:00",15.7
"Nova Gorica","2026-09-25T22:00",15.0
"Nova Gorica","2026-09-25T23:00",14.4
"Nova Gorica","2026-09-26T00:00",13.8
"Nova Gorica","2026-09-26T01:00",13.3
"Nova Gorica","2026-09-26T02:00",12.8
"Nova Gorica","2026-09-26T03:00",12.4
"Nova Gorica","2026-09-26T04:00",12.1
"Nova Gorica","2026-09-26T05:00",11.9
"Nova Gorica","2026-09-26T06:00",12.7
"Nova Gorica","2026-09-26T07:00",15.0
"Nova Gorica","2026-09-26T08:00",18.3
"Nova Gorica","2026-09-26T09:00",21.0
"Nova Gorica","2026-09-26T10:00",22.5
"Nova Gorica","2026-09-26T11:00",23.5
"Nova Gorica","2026-09-26T12:00",24.1
"Nova Gorica","2026-09-26T13:00",24.5
"Nova Gorica","2026-09-26T14:00",24.5
"Nova Gorica","2026-09-26T15:00",24.0
"Nova Gorica","2026-09-26T16:00",22.7
"Nova Gorica","2026-09-26T17:00",20.8
"Nova Gorica","2026-09-26T18:00",19.0
"Nova Gorica","2026-09-26T19:00",17.5
"Nova Gorica","2026-09-26T20:00",16.1
"Nova Gorica","2026-09-26T21:00",14.9
"Nova Gorica","2026-09-26T22:00",13.8
"Nova Gorica","2026-09-26T23:00",13.0
"Nova Gorica","2026-09-27T00:00",12.5
"Nova Gorica","2026-09-27T01:00",12.3
"Nova Gorica","2026-09-27T02:00",12.3
"Nova Gorica","2026-09-27T03:00",12.4
"Nova Gorica","2026-09-27T04:00",12.2
"Nova Gorica","2026-09-27T05:00",12.1
"Nova Gorica","2026-09-27T06:00",13.0
"Nova Gorica","2026-09-27T07:00",15.7
"Nova Gorica","2026-09-27T08:00",19.4
"Nova Gorica","2026-09-27T09:00",22.4
"Nova Gorica","2026-09-27T10:00",23.9
"Nova Gorica","2026-09-27T11:00",24.6
"Nova Gorica","2026-09-27T12:00",25.1
"Nova Gorica","2026-09-27T13:00",25.4
"Nova Gorica","2026-09-27T14:00",25.4
"Nova Gorica","2026-09-27T15:00",24.8
"Nova Gorica","2026-09-27T16:00",23.4
"Nova Gorica","2026-09-27T17:00",21.3
"Nova Gorica","2026-09-27T18:00",19.4
"Nova Gorica","2026-09-27T19:00",17.6
"Nova Gorica","2026-09-27T20:00",16.0
"Nova Gorica","2026-09-27T21:00",14.8
"Nova Gorica","2026-09-27T22:00",14.2
"Nova Gorica","2026-09-27T23:00",14.0
"Nova Gorica","2026-09-28T00:00",13.8
"Nova Gorica","2026-09-28T01:00",13.4
"Nova Gorica","2026-09-28T02:00",13.0
"Nova Gorica","2026-09-28T03:00",12.8
"Nova Gorica","2026-09-28T04:00",12.6
"Nova Gorica","2026-09-28T05:00",12.5
"Nova Gorica","2026-09-28T06:00",13.4
"Nova Gorica","2026-09-28T07:00",16.1
"Nova Gorica","2026-09-28T08:00",19.8
"Nova Gorica","2026-09-28T09:00",22.7
"Nova Gorica","2026-09-28T10:00",24.2
"Nova Gorica","2026-09-28T11:00",25.0
"Nova Gorica","2026-09-28T12:00",25.4
"Nova Gorica","2026-09-28T13:00",25.8
"Nova Gorica","2026-09-28T14:00",25.8
"Nova Gorica","2026-09-28T15:00",25.2
"Nova Gorica","2026-09-28T16:00",23.5
"Nova Gorica","2026-09-28T17:00",21.2
"Nova Gorica","2026-09-28T18:00",19.2
"Nova Gorica","2026-09-28T19:00",17.6
"Nova Gorica","2026-09-28T20:00",16.3
"Nova Gorica","2026-09-28T21:00",15.2
"Nova Gorica","2026-09-28T22:00",14.6
"Nova Gorica","2026-09-28T23:00",14.3
"Ljubljana","2026-09-22T00:00",11.1
"Ljubljana","2026-09-22T01:00",10.9
"Ljubljana","2026-09-22T02:00",10.4
"Ljubljana","2026-09-22T03:00",10.2
"Ljubljana","2026-09-22T04:00",9.9
"Ljubljana","2026-09-22T05:00",9.8
"Ljubljana","2026-09-22T06:00",9.7
"Ljubljana","2026-09-22T07:00",10.1
"Ljubljana","2026-09-22T08:00",11.5
"Ljubljana","2026-09-22T09:00",13.7
"Ljubljana","2026-09-22T10:00",16.4
"Ljubljana","2026-09-22T11:00",18.1
"Ljubljana","2026-09-22T12:00",19.1
"Ljubljana","2026-09-22T13:00",18.9
"Ljubljana","2026-09-22T14:00",19.0
"Ljubljana","2026-09-22T15:00",18.5
"Ljubljana","2026-09-22T16:00",18.0
"Ljubljana","2026-09-22T17:00",16.1
"Ljubljana","2026-09-22T18:00",15.1
"Ljubljana","2026-09-22T19:00",14.8
"Ljubljana","2026-09-22T20:00",13.9
"Ljubljana","2026-09-22T21:00",11.5
"Ljubljana","2026-09-22T22:00",10.8
"Ljubljana","2026-09-22T23:00",10.8
"Ljubljana","2026-09-23T00:00",10.6
"Ljubljana","2026-09-23T01:00",8.5
"Ljubljana","2026-09-23T02:00",8.0
"Ljubljana","2026-09-23T03:00",7.5
"Ljubljana","2026-09-23T04:00",7.3
"Ljubljana","2026-09-23T05:00",6.9
"Ljubljana","2026-09-23T06:00",7.0
"Ljubljana","2026-09-23T07:00",8.5
"Ljubljana","2026-09-23T08:00",10.6
"Ljubljana","2026-09-23T09:00",13.4
"Ljubljana","2026-09-23T10:00",15.6
"Ljubljana","2026-09-23T11:00",17.1
"Ljubljana","2026-09-23T12:00",18.0
"Ljubljana","2026-09-23T13:00",18.4
"Ljubljana","2026-09-23T14:00",18.6
"Ljubljana","2026-09-23T15:00",18.9
"Ljubljana","2026-09-23T16:00",18.2
"Ljubljana","2026-09-23T17:00",16.7
"Ljubljana","2026-09-23T18:00",14.5
"Ljubljana","2026-09-23T19:00",13.2
"Ljubljana","2026-09-23T20:00",12.1
"Ljubljana","2026-09-23T21:00",11.3
"Ljubljana","2026-09-23T22:00",10.8
"Ljubljana","2026-09-23T23:00",10.4
"Ljubljana","2026-09-24T00:00",9.7
"Ljubljana","2026-09-24T01:00",9.5
"Ljubljana","2026-09-24T02:00",8.8
"Ljubljana","2026-09-24T03:00",8.3
"Ljubljana","2026-09-24T04:00",7.6
"Ljubljana","2026-09-24T05:00",7.5
"Ljubljana","2026-09-24T06:00",8.3
"Ljubljana","2026-09-24T07:00",10.3
"Ljubljana","2026-09-24T08:00",12.9
"Ljubljana","2026-09-24T09:00",14.5
"Ljubljana","2026-09-24T10:00",16.0
"Ljubljana","2026-09-24T11:00",16.1
"Ljubljana","2026-09-24T12:00",17.0
"Ljubljana","2026-09-24T13:00",16.0
"Ljubljana","2026-09-24T14:00",16.5
"Ljubljana","2026-09-24T15:00",16.8
"Ljubljana","2026-09-24T16:00",16.6
"Ljubljana","2026-09-24T17:00",15.3
"Ljubljana","2026-09-24T18:00",14.1
"Ljubljana","2026-09-24T19:00",13.1
"Ljubljana","2026-09-24T20:00",12.2
"Ljubljana","2026-09-24T21:00",11.8
"Ljubljana","2026-09-24T22:00",11.8
"Ljubljana","2026-09-24T23:00",12.1
"Ljubljana","2026-09-25T00:00",12.1
"Ljubljana","2026-09-25T01:00",12.2
"Ljubljana","2026-09-25T02:00",12.1
"Ljubljana","2026-09-25T03:00",11.7
"Ljubljana","2026-09-25T04:00",11.5
"Ljubljana","2026-09-25T05:00",11.4
"Ljubljana","2026-09-25T06:00",11.8
"Ljubljana","2026-09-25T07:00",13.0
"Ljubljana","2026-09-25T08:00",14.7
"Ljubljana","2026-09-25T09:00",16.3
"Ljubljana","2026-09-25T10:00",17.5
"Ljubljana","2026-09-25T11:00",18.6
"Ljubljana","2026-09-25T12:00",19.3
"Ljubljana","2026-09-25T13:00",19.7
"Ljubljana","2026-09-25T14:00",19.7
"Ljubljana","2026-09-25T15:00",19.3
"Ljubljana","2026-09-25T16:00",18.2
"Ljubljana","2026-09-25T17:00",16.6
"Ljubljana","2026-09-25T18:00",15.1
"Ljubljana","2026-09-25T19:00",13.9
"Ljubljana","2026-09-25T20:00",12.9
"Ljubljana","2026-09-25T21:00",11.9
"Ljubljana","2026-09-25T22:00",11.2
"Ljubljana","2026-09-25T23:00",10.6
"Ljubljana","2026-09-26T00:00",10.0
"Ljubljana","2026-09-26T01:00",9.6
"Ljubljana","2026-09-26T02:00",9.2
"Ljubljana","2026-09-26T03:00",8.9
"Ljubljana","2026-09-26T04:00",8.7
"Ljubljana","2026-09-26T05:00",8.6
"Ljubljana","2026-09-26T06:00",9.1
"Ljubljana","2026-09-26T07:00",10.6
"Ljubljana","2026-09-26T08:00",12.7
"Ljubljana","2026-09-26T09:00",14.7
"Ljubljana","2026-09-26T10:00",16.8
"Ljubljana","2026-09-26T11:00",18.8
"Ljubljana","2026-09-26T12:00",20.3
"Ljubljana","2026-09-26T13:00",21.1
"Ljubljana","2026-09-26T14:00",21.3
"Ljubljana","2026-09-26T15:00",20.8
"Ljubljana","2026-09-26T16:00",19.6
"Ljubljana","2026-09-26T17:00",17.7
"Ljubljana","2026-09-26T18:00",15.8
"Ljubljana","2026-09-26T19:00",14.1
"Ljubljana","2026-09-26T20:00",12.4
"Ljubljana","2026-09-26T21:00",11.1
"Ljubljana","2026-09-26T22:00",10.1
"Ljubljana","2026-09-26T23:00",9.6
"Ljubljana","2026-09-27T00:00",9.2
"Ljubljana","2026-09-27T01:00",8.2
"Ljubljana","2026-09-27T02:00",7.0
"Ljubljana","2026-09-27T03:00",6.2
"Ljubljana","2026-09-27T04:00",5.7
"Ljubljana","2026-09-27T05:00",5.6
"Ljubljana","2026-09-27T06:00",6.5
"Ljubljana","2026-09-27T07:00",9.5
"Ljubljana","2026-09-27T08:00",13.5
"Ljubljana","2026-09-27T09:00",16.9
"Ljubljana","2026-09-27T10:00",19.0
"Ljubljana","2026-09-27T11:00",20.4
"Ljubljana","2026-09-27T12:00",21.3
"Ljubljana","2026-09-27T13:00",22.0
"Ljubljana","2026-09-27T14:00",22.2
"Ljubljana","2026-09-27T15:00",21.8
"Ljubljana","2026-09-27T16:00",20.3
"Ljubljana","2026-09-27T17:00",18.1
"Ljubljana","2026-09-27T18:00",15.9
"Ljubljana","2026-09-27T19:00",14.0
"Ljubljana","2026-09-27T20:00",12.2
"Ljubljana","2026-09-27T21:00",10.8
"Ljubljana","2026-09-27T22:00",10.1
"Ljubljana","2026-09-27T23:00",9.8
"Ljubljana","2026-09-28T00:00",9.7
"Ljubljana","2026-09-28T01:00",9.5
"Ljubljana","2026-09-28T02:00",9.4
"Ljubljana","2026-09-28T03:00",9.4
"Ljubljana","2026-09-28T04:00",9.2
"Ljubljana","2026-09-28T05:00",9.1
"Ljubljana","2026-09-28T06:00",9.9
"Ljubljana","2026-09-28T07:00",12.2
"Ljubljana","2026-09-28T08:00",15.3
"Ljubljana","2026-09-28T09:00",18.0
"Ljubljana","2026-09-28T10:00",19.8
"Ljubljana","2026-09-28T11:00",21.2
"Ljubljana","2026-09-28T12:00",22.1
"Ljubljana","2026-09-28T13:00",22.7
"Ljubljana","2026-09-28T14:00",22.8
"Ljubljana","2026-09-28T15:00",22.3
"Ljubljana","2026-09-28T16:00",20.7
"Ljubljana","2026-09-28T17:00",18.3
"Ljubljana","2026-09-28T18:00",16.3
"Ljubljana","2026-09-28T19:00",15.0
"Ljubljana","2026-09-28T20:00",14.1
"Ljubljana","2026-09-28T21:00",13.2
"Ljubljana","2026-09-28T22:00",12.5
"Ljubljana","2026-09-28T23:00",11.9
"Maribor","2026-09-22T00:00",11.3
"Maribor","2026-09-22T01:00",11.5
"Maribor","2026-09-22T02:00",11.0
"Maribor","2026-09-22T03:00",11.8
"Maribor","2026-09-22T04:00",11.9
"Maribor","2026-09-22T05:00",12.5
"Maribor","2026-09-22T06:00",12.8
"Maribor","2026-09-22T07:00",14.3
"Maribor","2026-09-22T08:00",16.5
"Maribor","2026-09-22T09:00",16.7
"Maribor","2026-09-22T10:00",17.3
"Maribor","2026-09-22T11:00",17.2
"Maribor","2026-09-22T12:00",17.5
"Maribor","2026-09-22T13:00",17.6
"Maribor","2026-09-22T14:00",18.4
"Maribor","2026-09-22T15:00",18.3
"Maribor","2026-09-22T16:00",17.5
"Maribor","2026-09-22T17:00",16.5
"Maribor","2026-09-22T18:00",15.0
"Maribor","2026-09-22T19:00",13.5
"Maribor","2026-09-22T20:00",12.0
"Maribor","2026-09-22T21:00",10.5
"Maribor","2026-09-22T22:00",10.0
"Maribor","2026-09-22T23:00",9.9
"Maribor","2026-09-23T00:00",10.0
"Maribor","2026-09-23T01:00",10.2
"Maribor","2026-09-23T02:00",10.0
"Maribor","2026-09-23T03:00",9.8
"Maribor","2026-09-23T04:00",9.3
"Maribor","2026-09-23T05:00",8.9
"Maribor","2026-09-23T06:00",10.0
"Maribor","2026-09-23T07:00",12.9
"Maribor","2026-09-23T08:00",14.9
"Maribor","2026-09-23T09:00",16.6
"Maribor","2026-09-23T10:00",17.5
"Maribor","2026-09-23T11:00",18.0
"Maribor","2026-09-23T12:00",18.6
"Maribor","2026-09-23T13:00",19.1
"Maribor","2026-09-23T14:00",19.3
"Maribor","2026-09-23T15:00",19.0
"Maribor","2026-09-23T16:00",18.2
"Maribor","2026-09-23T17:00",16.9
"Maribor","2026-09-23T18:00",15.2
"Maribor","2026-09-23T19:00",13.6
"Maribor","2026-09-23T20:00",12.4
"Maribor","2026-09-23T21:00",11.4
"Maribor","2026-09-23T22:00",11.2
"Maribor","2026-09-23T23:00",11.1
"Maribor","2026-09-24T00:00",10.7
"Maribor","2026-09-24T01:00",10.4
"Maribor","2026-09-24T02:00",10.1
"Maribor","2026-09-24T03:00",10.0
"Maribor","2026-09-24T04:00",10.1
"Maribor","2026-09-24T05:00",9.8
"Maribor","2026-09-24T06:00",10.9
"Maribor","2026-09-24T07:00",12.2
"Maribor","2026-09-24T08:00",13.1
"Maribor","2026-09-24T09:00",14.7
"Maribor","2026-09-24T10:00",15.3
"Maribor","2026-09-24T11:00",15.5
"Maribor","2026-09-24T12:00",16.1
"Maribor","2026-09-24T13:00",16.4
"Maribor","2026-09-24T14:00",17.3
"Maribor","2026-09-24T15:00",17.5
"Maribor","2026-09-24T16:00",17.1
"Maribor","2026-09-24T17:00",15.4
"Maribor","2026-09-24T18:00",13.3
"Maribor","2026-09-24T19:00",11.5
"Maribor","2026-09-24T20:00",10.7
"Maribor","2026-09-24T21:00",9.9
"Maribor","2026-09-24T22:00",9.2
"Maribor","2026-09-24T23:00",8.9
"Maribor","2026-09-25T00:00",8.9
"Maribor","2026-09-25T01:00",9.4
"Maribor","2026-09-25T02:00",10.1
"Maribor","2026-09-25T03:00",10.9
"Maribor","2026-09-25T04:00",10.8
"Maribor","2026-09-25T05:00",10.3
"Maribor","2026-09-25T06:00",10.9
"Maribor","2026-09-25T07:00",12.9
"Maribor","2026-09-25T08:00",15.7
"Maribor","2026-09-25T09:00",17.9
"Maribor","2026-09-25T10:00",18.9
"Maribor","2026-09-25T11:00",19.3
"Maribor","2026-09-25T12:00",19.5
"Maribor","2026-09-25T13:00",19.7
"Maribor","2026-09-25T14:00",19.7
"Maribor","2026-09-25T15:00",19.4
"Maribor","2026-09-25T16:00",18.4
"Maribor","2026-09-25T17:00",17.0
"Maribor","2026-09-25T18:00",15.8
"Maribor","2026-09-25T19:00",14.9
"Maribor","2026-09-25T20:00",14.1
"Maribor","2026-09-25T21:00",13.5
"Maribor","2026-09-25T22:00",12.9
"Maribor","2026-09-25T23:00",12.4
"Maribor","2026-09-26T00:00",11.9
"Maribor","2026-09-26T01:00",11.1
"Maribor","2026-09-26T02:00",10.2
"Maribor","2026-09-26T03:00",9.7
"Maribor","2026-09-26T04:00",9.5
"Maribor","2026-09-26T05:00",9.7
"Maribor","2026-09-26T06:00",10.7
"Maribor","2026-09-26T07:00",12.9
"Maribor","2026-09-26T08:00",15.9
"Maribor","2026-09-26T09:00",18.5
"Maribor","2026-09-26T10:00",20.1
"Maribor","2026-09-26T11:00",21.3
"Maribor","2026-09-26T12:00",22.1
"Maribor","2026-09-26T13:00",22.6
"Maribor","2026-09-26T14:00",22.6
"Maribor","2026-09-26T15:00",22.0
"Maribor","2026-09-26T16:00",20.3
"Maribor","2026-09-26T17:00",18.0
"Maribor","2026-09-26T18:00",15.8
"Maribor","2026-09-26T19:00",14.2
"Maribor","2026-09-26T20:00",12.7
"Maribor","2026-09-26T21:00",11.7
"Maribor","2026-09-26T22:00",11.2
"Maribor","2026-09-26T23:00",11.0
"Maribor","2026-09-27T00:00",10.7
"Maribor","2026-09-27T01:00",10.0
"Maribor","2026-09-27T02:00",9.4
"Maribor","2026-09-27T03:00",9.2
"Maribor","2026-09-27T04:00",9.4
"Maribor","2026-09-27T05:00",10.0
"Maribor","2026-09-27T06:00",11.3
"Maribor","2026-09-27T07:00",14.0
"Maribor","2026-09-27T08:00",17.4
"Maribor","2026-09-27T09:00",20.2
"Maribor","2026-09-27T10:00",21.9
"Maribor","2026-09-27T11:00",22.9
"Maribor","2026-09-27T12:00",23.6
"Maribor","2026-09-27T13:00",24.1
"Maribor","2026-09-27T14:00",24.2
"Maribor","2026-09-27T15:00",23.4
"Maribor","2026-09-27T16:00",21.0
"Maribor","2026-09-27T17:00",17.8
"Maribor","2026-09-27T18:00",15.1
"Maribor","2026-09-27T19:00",13.8
"Maribor","2026-09-27T20:00",13.1
"Maribor","2026-09-27T21:00",12.5
"Maribor","2026-09-27T22:00",12.0
"Maribor","2026-09-27T23:00",11.7
"Maribor","2026-09-28T00:00",11.4
"Maribor","2026-09-28T01:00",11.0
"Maribor","2026-09-28T02:00",10.7
"Maribor","2026-09-28T03:00",10.6
"Maribor","2026-09-28T04:00",10.5
"Maribor","2026-09-28T05:00",10.7
"Maribor","2026-09-28T06:00",11.8
"Maribor","2026-09-28T07:00",14.6
"Maribor","2026-09-28T08:00",18.4
"Maribor","2026-09-28T09:00",21.4
"Maribor","2026-09-28T10:00",23.1
"Maribor","2026-09-28T11:00",24.1
"Maribor","2026-09-28T12:00",24.7
"Maribor","2026-09-28T13:00",25.1
"Maribor","2026-09-28T14:00",25.0
"Maribor","2026-09-28T15:00",24.2
"Maribor","2026-09-28T16:00",22.1
"Maribor","2026-09-28T17:00",19.2
"Maribor","2026-09-28T18:00",16.7
"Maribor","2026-09-28T19:00",15.2
"Maribor","2026-09-28T20:00",14.1
"Maribor","2026-09-28T21:00",13.3
"Maribor","2026-09-28T22:00",12.7
"Maribor","2026-09-28T23:00",12.3
